{
  "Area": 0.5445917147577454,
  "Crop": 0.2510832491452114,
  "State_Name": 0.07165243942069181,
  "District_Name": 0.05090440477238651,
  "Season": 0.04372361326933682,
  "Crop_Year": 0.038044578634628026
}